redir /blog/ansible-eos-banner-tutorial https://blog.alta3.com/topics/ansible/ansible-switch-configuration/ 301
redir /blog/installing-ansible https://blog.alta3.com/topics/ansible/how-to-install-ansible/index.htmlhttps:// 301
redir /blog/ansible-and-infoblox https://blog.alta3.com/topics/ansible/ansible-and-infoblox/ 301
redir /blog/install-virtualbox https://blog.alta3.com/topics/linux/installing-virtualbox/ 301
redir /blog/installing+virtualbox https://blog.alta3.com/topics/linux/installing-virtualbox/ 301
redir /blog/installing-virtualbox https://blog.alta3.com/topics/linux/installing-virtualbox/ 301
redir /blog/ansible-switch-configuration-archive-tutorial https://blog.alta3.com/topics/ansible/ansible-switch-config-archive/ 301
redir /blog/passing-the-ckad https://blog.alta3.com/topics/kubernetes/crushckad/ 301
redir /blog/python-versions-python2-vs-python3 https://blog.alta3.com/topics/programming/python-versions-python2-vs-python3/ 301
redir /blog/restore-backed-up-files-using-ansible https://blog.alta3.com/topics/ansible/restore-backed-up-files-using-ansible/ 301
redir /blog/8-steps-to-k8s-cluster https://blog.alta3.com/topics/kubernetes/8-steps-to-k8s-cluster/ 301
redir /blog/introduction-to-kubernetes https://blog.alta3.com/blogs/kubernetes/8-steps-to-k8s-cluster/ 301
redir /blog/adding-spell-checking-as-a-github-action https://blog.alta3.com/topics/scm-and-pipelines/adding-spell-checking-as-a-github-action/ 301
redir /blog/ansible+switch+config+archive https://blog.alta3.com/topics/ansible/ansible-and-infoblox/ 301
redir /blog/ansible-basics-tutorial https://blog.alta3.com/topics/ansible/ansible-basics-tutorial/ 301
redir /blog/ansible-is-for-everyone https://blog.alta3.com/topics/ansible/ansible-is-for-everyone/ 301
redir /blog/ansible-template-tutorial https://blog.alta3.com/topics/ansible/ansible-template-tutorial/ 301
redir /blog/ansible-templates https://blog.alta3.com/topics/ansible/ansible-templates/ 301
redir /blog/ansible-vault-hello-world https://blog.alta3.com/topics/ansible/ansible-vault-hello-world/ 301
redir /blog/api-requests-with-python https://blog.alta3.com/topics/api/api-requests-with-python/ 301
redir /blog/back-up-your-organizations-github https://blog.alta3.com/topics/scm-and-pipelines/back-up-your-organizations-github/ 301
redir /blog/converting-html-to-markdown https://blog.alta3.com/topics/programming/converting-html-to-markdown/ 301
redir /blog/create-pipeline https://blog.alta3.com/topics/scm-and-pipelines/create-pipeline/ 301
redir /blog/creating-flask-server https://blog.alta3.com/topics/programming/creating-flask-server/ 301
redir /blog/crushckad https://blog.alta3.com/topics/kubernetes/crushckad/ 301
redir /blog/diagnosing-a-slow-network https://blog.alta3.com/topics/networking/diagnosing-a-slow-network/ 301
redir /blog/error-invalid-value-apiall-on-kube-apiserver https://blog.alta3.com/topics/kubernetes/error-invalid-value-apiall-on-kube-apiserver/ 301
redir /blog/fastapi https://blog.alta3.com/topics/api/fastapi/ 301
redir /blog/getting-keyed-up https://blog.alta3.com/topics/networking/getting-keyed-up/ 301
redir /blog/go-programming-print https://blog.alta3.com/topics/programming/go-programming-print/ 301
redir /blog/gos-approach-to-arrays-and-slices https://blog.alta3.com/topics/programming/gos-approach-to-arrays-and-slices/ 301
redir /blog/how-to-create-a-virtual-machine https://blog.alta3.com/topics/linux/how-to-create-a-virtual-machine/ 301
redir /blog/how-to-install-terraform-infrastructure-as-code-tool https://blog.alta3.com/topics/linux/how-to-install-terraform-infrastructure-as-code-tool/ 301
redir /blog/install-python-and-ansible https://blog.alta3.com/topics/ansible/install-python-and-ansible/ 301
redir /blog/install-windows-terminal https://blog.alta3.com/topics/linux/install-windows-terminal/ 301
redir /blog/installing-windows-subsystem-for-linux-2-wsl2 https://alta3.com/blog/installing-windows-subsystem-for-linux-2-wsl2 301
redir /blog/jinja-templates https://blog.alta3.com/topics/programming/jinja-templates/ 301
redir /blog/launch-cloud-init-configured-vms https://blog.alta3.com/topics/networking/launch-cloud-init-configured-vms/ 301
redir /blog/magic-the-gathering-api https://blog.alta3.com/topics/api/magic-the-gathering-api/ 301
redir /blog/managing-github-issue-labels-across-organizations-and-repositories https://blog.alta3.com/topics/scm-and-pipelines/managing-github-issue-labels-across-organizations-and-repositories/ 301
redir /blog/minus-28-bytes-later https://blog.alta3.com/topics/networking/minus-28-bytes-later/ 301
redir /blog/-28-bytes-later https://blog.alta3.com/topics/networking/minus-28-bytes-later/ 301
redir /blog/moving-active-k8s-cluster-on-qemu-vm https://blog.alta3.com/topics/kubernetes/moving-active-k8s-cluster-on-qemu-vm/ 301
redir /blog/python-and-apis-nasas-open-apis https://blog.alta3.com/topics/api/python-and-apis-nasas-open-apis/ 301
redir /blog/python-and-the-magic-wormhole-project https://blog.alta3.com/topics/programming/python-and-the-magic-wormhole-project/ 301
redir /blog/python-apis-part2 https://blog.alta3.com/topics/api/python-apis-part2/ 301
redir /blog/python-tutorial-using-python-to-interact-with-excel https://blog.alta3.com/topics/programming/python-versions-python2-vs-python3/ 301
redir /blog/pythonapi-part1 https://blog.alta3.com/topics/api/pythonapi-part1/ 301
redir /blog/securingdnsmasq https://blog.alta3.com/topics/networking/securingdnsmasq/ 301
redir /blog/singlevmk8s https://blog.alta3.com/topics/kubernetes/singlevmk8s/ 301
redir /blog/throttling-ansibles-localaction-module https://blog.alta3.com/topics/ansible/throttling-ansibles-localaction-module/ 301
redir /blog/tune-your-dot-files https://blog.alta3.com/topics/linux/tune-your-dot-files/ 301
redir /blog/ubuntu-1804-preseed-installation https://blog.alta3.com/topics/linux/ubuntu-1804-preseed-installation/ 301
redir /blog/unlocking-your-vim-screen https://blog.alta3.com/topics/linux/unlocking-your-vim-screen/ 301
redir /blog/vim-introduction-getting-started-with-vim https://blog.alta3.com/topics/linux/vim-introduction-getting-started-with-vim/ 301
redir /blog/vimcolorscheme https://blog.alta3.com/topics/linux/vimcolorscheme/ 301
redir /blog/tag/kubernetes https://blog.alta3.com/tags/kubernetes 301
redir /blog/tag/curl https://blog.alta3.com/tags/curl 301
redir /blog/tag/kubernetes+cluster https://blog.alta3.com/tags/kubernetes 301
redir /blog/tag/ansible+hosts https://blog.alta3.com/tags/ansible_hosts 301
redir /blog/tag/Restful+API https://blog.alta3.com/tags/restful_api 301
redir /blog/tag/networking https://blog.alta3.com/tags/networking 301
redir /blog/tag/python+tutorial https://blog.alta3.com/tags/python 301
redir /blog/tag/kubernetes+training https://blog.alta3.com/tags/kubernetes 301
redir /blog/tag/icmp https://blog.alta3.com/tags/icmp 301
redir /blog/tag/back-up https://blog.alta3.com/tags/back_up 301
redir /blog/tag/kubernetes+tutorial https://blog.alta3.com/tags/kubernetes 301
redir /blog/tag/online+ansible+training https://blog.alta3.com/tags/ansible 301
redir /blog/tag/Ansible+Tutorial https://blog.alta3.com/tags/ansible 301
redir /blog/tag/Init https://blog.alta3.com/tags/init 301
redir /blog/tag/automation https://blog.alta3.com/tags/automation 301
redir /blog/tag/dev https://blog.alta3.com/tags/dev 301
redir /blog/tag/vm%27s https://blog.alta3.com/tags/vms 301
redir /blog/tag/wsl2 https://blog.alta3.com/tags/wsl2 301
redir /blog/tag/powershell https://blog.alta3.com/tags/powershell 301
redir /blog/tag/github+keys https://blog.alta3.com/tags/github_keys 301
redir /blog/tag/html https://blog.alta3.com/tags/html 301
redir /blog/tag/api https://blog.alta3.com/tags/api 301
redir /blog/tag/vim https://blog.alta3.com/tags/vim 301
redir /blog/tag/ansible+certification https://blog.alta3.com/tags/ansible_certification 301
redir /blog/tag/Ansible+Training https://blog.alta3.com/tags/ansible 301
redir /blog/tag/programming https://blog.alta3.com/tags/programming 301
redir /blog/tag/webinar https://blog.alta3.com/tags/webinar 301
redir /blog/tag/python https://blog.alta3.com/tags/python 301
redir /blog/tag/github https://blog.alta3.com/tags/github 301
redir /blog/tag/linux+tutorial https://blog.alta3.com/tags/linux 301
redir /blog/tag/ubuntu https://blog.alta3.com/tags/ubuntu 301
redir /blog/tag/ckad https://blog.alta3.com/tags/ckad 301
redir /blog/tag/python+training https://blog.alta3.com/tags/python 301
redir /blog/tag/iperf https://blog.alta3.com/tags/iperf 301
redir /blog/tag/private+key https://blog.alta3.com/tags/private_key 301
redir /blog/tag/mtu https://blog.alta3.com/tags/mtu 301
redir /blog/tag/jinja2 https://blog.alta3.com/tags/jinja2 301
redir /blog/tag/id_rsa.pub https://blog.alta3.com/tags/id_rsa 301
redir /blog/tag/ansible+tutorial https://blog.alta3.com/tags/ansible 301
redir /blog/tag/virtual+machine https://blog.alta3.com/tags/vm 301
redir /blog/tag/versions https://blog.alta3.com/tags/versions 301
redir /blog/tag/vm https://blog.alta3.com/tags/vm 301
redir /blog/tag/virtual+machines https://blog.alta3.com/tags/vm 301
redir /blog/tag/Ansible https://blog.alta3.com/tags/ansible 301
redir /blog/tag/http https://blog.alta3.com/tags/http 301
redir /blog/tag/youtube https://blog.alta3.com/tags/youtube 301
redir /blog/tag/ansible+training https://blog.alta3.com/tags/ansible 301
redir /blog/tag/key+gen https://blog.alta3.com/tags/key_gen 301
redir /blog/tag/id_rsa https://blog.alta3.com/tags/id_rsa 301
redir /blog/tag/roles https://blog.alta3.com/tags/roles 301
redir /blog/tag/%23python https://blog.alta3.com/tags/python 301
redir /blog/tag/show https://blog.alta3.com/tags/show 301
redir /blog/tag/ansible+template https://blog.alta3.com/tags/ansible 301
redir /blog/tag/ansible+switch+config+archive https://blog.alta3.com/tags/ansible_switch_config_archive 301
redir /blog/tag/playbooks https://blog.alta3.com/tags/ansible_playbooks 301
redir /blog/tag/requests https://blog.alta3.com/tags/requests 301
redir /blog/tag/InfoBlox https://blog.alta3.com/tags/InfoBlox 301
redir /blog/tag/ansible https://blog.alta3.com/tags/ansible 301
redir /blog/tag/keygen https://blog.alta3.com/tags/keygen 301
redir /blog/tag/ansible+inventory https://blog.alta3.com/tags/ansible_inventory 301
redir /blog/tag/online+python+training https://blog.alta3.com/tags/python 301
redir /blog/tag/playlist https://blog.alta3.com/tags/playlist 301
redir /blog/tag/mtu+testing https://blog.alta3.com/tags/mtu_testing 301
redir /blog/tag/api+design https://blog.alta3.com/tags/api 301
redir /blog/tag/virtualbox https://blog.alta3.com/tags/virtualbox 301
redir /blog/tag/Ansible+Playbook https://blog.alta3.com/tags/ansible_playbook 301
redir /blog/tag/Network+Objects https://blog.alta3.com/tags/network_objects 301
redir /blog/tag/installing+virtualbox https://blog.alta3.com/tags/installing_virtualbox 301
redir /blog/tag/linux https://blog.alta3.com/tags/linux 301
redir /blog/tag/markdown https://blog.alta3.com/tags/markdown 301
redir /blog/tag/tutorial https://blog.alta3.com/tags/tutorial 301
redir /blog/tag/dsnmasq https://blog.alta3.com/tags/dsnmasq 301
redir /blog/tag/python+programming https://blog.alta3.com/tags/python 301
redir /blog/tag/installing+kubernetes https://blog.alta3.com/tags/installing_kubernetes 301
redir /blog/tag/api+design+with+python https://blog.alta3.com/tags/api 301
redir /blog/tag/k8s https://blog.alta3.com/tags/k9s 301
redir /blog/tag/vcs https://blog.alta3.com/tags/vcs 301
redir /blog/tag/Writing+API%27s+with+Python https://blog.alta3.com/tags/python 301
redir /blog/tag/windows https://blog.alta3.com/tags/windows 301
redir /blog/tag/ansible+template+module https://blog.alta3.com/tags/ansible_template_module 301
redir /blog/tag/practices https://blog.alta3.com/tags/programming 301
redir /blog/tag/nasa https://blog.alta3.com/tags/nasa 301
redir /blog/tag/%23programmng https://blog.alta3.com/tags/programmng 301
redir /blog/tag/ansible+eos+banner https://blog.alta3.com/tags/eos_banner 301
redir /blog/tag/virtual+box https://blog.alta3.com/tags/virtualbox 301
redir /blog/tag/windows+subsystem https://blog.alta3.com/tags/wsl2 301
redir /blog/tag/ansible+switch+configuration https://blog.alta3.com/tags/ansible_switch_configuration 301
redir /blog/tag/windows%20subsystem https://blog.alta3.com/tags/wsl2 301
redir /blog/tag/virtual%20machines https://blog.alta3.com/tags/vm 301
redir /blog/tag/virtual%20machine https://blog.alta3.com/tags/vm 301
redir /blog/tag/virtual%20box https://blog.alta3.com/tags/vm 301
redir /blog/tag/Restful%20API https://blog.alta3.com/tags/rest 301
redir /blog/tag/python%20training https://blog.alta3.com/tags/python 301
redir /blog/tag/python%20programming https://blog.alta3.com/tags/python 301
redir /blog/tag/#python https://blog.alta3.com/tags/python 301
redir /blog/tag/#programmng https://blog.alta3.com/tags/programming 301
redir /blog/tag/private%20key https://blog.alta3.com/tags/id_rsa 301
redir /blog/tag/online%20ansible%20training https://blog.alta3.com/tags/ansible 301
redir /blog/tag/Network%20Objects https://blog.alta3.com/tags/network 301
redir /blog/tag/linux%20tutorial https://blog.alta3.com/tags/linux 301
redir /blog/tag/kubernetes%20tutorial https://blog.alta3.com/tags/kubernetes 301
redir /blog/tag/kubernetes%20training https://blog.alta3.com/tags/kubernetes 301
redir /blog/tag/kubernetes%20cluster https://blog.alta3.com/tags/kubernetes 301
redir /blog/tag/key%20gen https://blog.alta3.com/tags/id_rsa 301
redir /blog/tag/installing%20kubernetes https://blog.alta3.com/tags/kubernetes 301
redir /blog/tag/github%20keys https://blog.alta3.com/tags/github 301
redir /blog/tag/api%20design https://blog.alta3.com/tags/api 301
redir /blog/tag/Ansible%20Tutorial https://blog.alta3.com/tags/ansible 301
redir /blog/tag/ansible%20tutorial https://blog.alta3.com/tags/ansible 301
redir /blog/tag/ansible%20training https://blog.alta3.com/tags/ansible 301
redir /blog/tag/ansible%20template%20module https://blog.alta3.com/tags/ansible 301
redir /blog/tag/ansible%20template https://blog.alta3.com/tags/ansible 301
redir /blog/tag/ansible%20inventory https://blog.alta3.com/tags/ansible 301
redir /blog/tag/ansible%20hosts https://blog.alta3.com/tags/ansible 301
redir /blog/tag/ansible%20eos%20banner https://blog.alta3.com/tags/eos 301
redir /blog/tag/ansible%20certification https://blog.alta3.com/tags/ansible 301
redir /blog/category/youtube https://blog.alta3.com/tags/youtube 301
redir /blog/category/how-to https://blog.alta3.com/tags/how_to 301
redir /blog/category/videos https://blog.alta3.com/tags/video 302
redir /blog/category/blog https://blog.alta3.com/ 301
redir /zach /instructors/9c932d8e-177a-44af-9edf-0fe0b0fa30fd 301
redir /tim /instructors/85f3b9ca-e529-4377-8701-4cf5d54b7024 301
redir /tim-1 /instructors/85f3b9ca-e529-4377-8701-4cf5d54b7024 301
redir /chad /instructors/09dda129-d46e-4cb1-a22c-440e045885b0 301
redir /stu /instructors/fd8397ea-bb40-41ad-974f-9b415d19bf64 301
redir /hutch /instructors/17eb0fd5-2f7e-42f3-9351-37a17170e301 301
redir /hutch-copy /instructors/17eb0fd5-2f7e-42f3-9351-37a17170e301 301
redir /hutch-1 /instructors/17eb0fd5-2f7e-42f3-9351-37a17170e301 301
redir /jason /instructors/e0388f28-2f33-44a3-91b5-1d36ac3476d7 301
redir /paul /instructors/7a26aba0-5747-47f8-bc30-e3e6dc90004b 301
redir /rob /instructors/adadf1ca-bbce-4a1e-bf4c-c3a14f64e290 301
redir /sean /instructors/7eef3cff-369a-4a11-a081-0ac8f8bcb387 301
redir /talia /instructors 301
redir /3-7-python-basics /courses/pyb 301
redir /8-2-to-8-13-py-for-sde /courses/tlg-sde-python 301
redir /Avaya_SIP_Training.html /courses/sip 301
redir /DEVOPS /courses/devops-bootcamp 301
redir /ansible-training-1 /courses/ansible-101 301
redir /certification-5g /courses/5g 301
redir /certification-pyb /courses/pyb 301
redir /certification-pyb-1 /courses/pyb 301
redir /certification-pyna-202 /courses/pyna 301
redir /certification-pyna-202-1 /courses/pyna 301
redir /certification-python-201 /courses/pyna 301
redir /certification-python-201-1 /courses/pyna 301
redir /courses/avaya /courses?category=Telecom 301
redir /courses/ceph /courses?category=Infrastructure 301
redir /courses/ims /courses?category=Telecom 301
redir /courses/ipsec /courses?category=Infrastructure 301
redir /courses/k8s /courses/kubernetes 301
redir /courses/networks /courses/napya 301
redir /courses/python1 /courses/pyb 301
redir /courses/python2 /courses/napya 301
redir /courses/python3 /courses/api 301
redir /courses/rhcsa /courses/linux-4-dev 301
redir /courses/sdn /courses/sd-wan 301
redir /courses/virtual-sip-training/ /courses/sip 301
redir /devops. /courses/devops-bootcamp 301
redir /labs/sdn/ /course/sdn 301
redir /march-suse-rancher-webinar-1 /courses/rancher 301
redir /napya /courses/napya 301
redir /new-page /courses 301
redir /overview-5G /courses/5g 301
redir /overview-5g /courses/5g 301
redir /overview-5g-courses /courses/5g 301
redir /overview-5g-overview /courses/5g 301
redir /overview-5g-overview/ /courses/5g 301
redir /overview-aa /courses/avaya 301
redir /overview-ai-chat-bard /courses/ai-app-dev 301
redir /overview-ans /courses/ansible-101 301
redir /overview-ansible /courses/ansible-101 301
redir /overview-ansible-1 /courses/ansible-101 301
redir /overview-ansible-101 /courses/ansible-101 301
redir /overview-ansible-102 /courses/ansible-101 301
redir /overview-ansible-2 /courses?category=Ansible 301
redir /overview-ansible-202 /courses/ansible-202-server 301
redir /overview-ansible-202-1 /courses/ansible-202-server 301
redir /overview-ansible-202-server /courses/ansible-202-server 301
redir /overview-ansible-203 /courses/ansible-203-windows 301
redir /overview-ansible-203-windows /courses/ansible-203-windows 301
redir /overview-ansible-302 /courses/awx 301
redir /overview-ansible-302-1 /courses?category=Ansible 301
redir /overview-ansible-ai /courses/ansible-101 301
redir /overview-ansible-ai-1 /courses?category=Ansible 301
redir /overview-ansible-training-dell /courses?category=Ansible 301
redir /overview-ansidell /courses/ansidell 301
redir /overview-api-python-training /courses/api 301
redir /overview-automation-python-ansible-training /courses/pyna 301
redir /overview-automation-python-ansible-training-1 /courses?category=Ansible 301
redir /overview-avaya-training /courses/avaya 301
redir /overview-avaya-trainingThis%20video /courses/avaya 301
redir /overview-awx /courses/awx 301
redir /overview-c98wf6 /courses/software-dev 301
redir /overview-casp /courses/casp 301
redir /overview-casp/ /courses/casp 301
redir /overview-ceh /courses/ceh 301
redir /overview-ceph /courses/ceph 301
redir /overview-ci/cd-pipelines /courses/jenkins 301
redir /overview-circleci-training /courses/ci-cd 301
redir /overview-cissp /courses/cissp 301
redir /overview-cka /courses/cka 301
redir /overview-cka-training%C2%A0-%C2%A0virtual%20live%20training%20-%205-9%20June%202023 /courses/cka 301
redir /overview-cka-training /courses/cka 301
redir /overview-cka-training-1 /courses/cka 301
redir /overview-cks /courses/cks 301
redir /overview-comptia-network /courses/comptia-network 301
redir /overview-comptia-network/ /courses/comptia-network 301
redir /overview-comptia-security /courses/comptia-security 301
redir /overview-crush-the-ckad /courses/kubernets 301
redir /overview-crush-the-ckad-exam /courses/ckad 301
redir /overview-dcucai /courses/data-center 301
redir /overview-deploying5g /courses/5g-deploy 301
redir /overview-deploying5g-1 /courses/5g-deploy 301
redir /overview-devops-foundations-training /courses/devops-bootcamp 301
redir /overview-devsecops /courses/devops-bootcamp 301
redir /overview-django /courses/django 301
redir /overview-docker /courses/docker-101 301
redir /overview-docker-1 /courses/docker 301
redir /overview-docker101 /courses/docker 301
redir /overview-docker101-1 /courses/docker-101 301
redir /overview-github /courses/github 301
redir /overview-github-training /courses/github 301
redir /overview-gitlab /courses/gitlab 301
redir /overview-gitlab-training /courses/gitlab 301
redir /overview-gitlab-training-1 /courses/gitlab 301
redir /overview-golang-ai /courses/golang 301
redir /overview-golang-ai-1 /courses/golang 301
redir /overview-golang-training /courses/golang 301
redir /overview-golang-training-1 /courses/golang 301
redir /overview-idswots /courses 301
redir /overview-intucsx /courses/intro-to-computing 301
redir /overview-ipsec-training /courses/tcp-ip 301
redir /overview-java-ai /courses/java 301
redir /overview-java-ai-1 /courses/java-ai 301
redir /overview-jenkins-training /courses/jenkins 301
redir /overview-k8s /courses/kubernetes 301
redir /overview-kubernetes-cka /courses/cka 301
redir /overview-kubernetes-ckad /courses/kubernetes 301
redir /overview-kubernetes-ckad-1 /courses/kubernetes 301
redir /overview-linux-4-dev /courses/linux-4-dev 301
redir /overview-linux-training /courses/linux-4-dev 301
redir /overview-mans /courses/mans 301
redir /overview-mastering-ansible-training /courses/ansible-101 301
redir /overview-mastering-ansible-training-1 /courses/ansible-101 301
redir /overview-microservices-training /courses/microservices 301
redir /overview-nab /courses/nab 301
redir /overview-napya /courses/napya 301
redir /overview-natural-language-ai /courses/natural-lang-apis 301
redir /overview-natural-language-ai-1 /courses/natural-lang-apis 301
redir /overview-natural-language-ai-delete /courses/natural-lang-apis 301
redir /overview-natural-language-ai/ /courses/natural-lang-apis 301
redir /overview-network-automation /courses/napya 301
redir /overview-opensource-ai /courses/ai-app-dev 301
redir /overview-opensource-ai-1 /courses/ai-app-dev 301
redir /overview-opensource-ai-dell /courses/ai-app-dev 301
redir /overview-packer /courses/packer 301
redir /overview-prompt-engineering /courses/ai-gpu 301
redir /overview-py-datasci /courses/py-datasci 301
redir /overview-pyb /courses/pyb 301
redir /overview-pyna /courses/pyna 301
redir /overview-python-ai /courses/ai-app-dev 301
redir /overview-python-ai-1 /courses/ai-app-dev 301
redir /overview-python-basics-training /courses/pyb 301
redir /overview-python-network-automation /courses/pyna 301
redir /overview-rancher-training /courses/rancher 301
redir /overview-sd-wan /courses/sd-wan 301
redir /overview-sdn /courses/sd-wan 301
redir /overview-sdn-training /courses/sd-wan 301
redir /overview-sdn-trainingnopvc /courses/sd-wan 301
redir /overview-sip /courses/sip 301
redir /overview-sk8s /courses/sk8s 301
redir /overview-sles-training /courses/linux-4-dev 301
redir /overview-suse-k8s /courses/sk8s 301
redir /overview-suse-k8s-1 /courses/sk8s 301
redir /overview-suse-neuvector /courses/suse-neuvector 301
redir /overview-suse-neuvector/ /courses/suse-neuvector 301
redir /overview-tcp-ip /courses/tcp-ip 301
redir /overview-terraform /courses/terraform 301
redir /overview-terraform-102 /courses/terraform 301
redir /overview-terraform-103-paloalto /courses/terraform 301
redir /overview-terraform-104-fortinet /courses/auto-fortinet-terraform 301
redir /overview-terraform-special /courses/terraform 301
redir /overview-training-data-sciences /courses/py-datasci 301
redir /overview-volte /courses/volte 301
redir /overview-zerocode-ai /courses/ai-zero-code 301
redir /overview-zerocodeai /courses/ai-zero-code 301
redir /overview-zerocodechatbots /courses/ai-zero-code 301
redir /overview-zerocodechatbots-1 /courses/ai-zero-code 301
redir /overview-zerocodechatbots-bard /courses/ai-zero-code 301
redir /overview-zerocodechatbots-chatgpt /courses/ai-zero-code 301
redir /overview-zerocodechatbots-chatgpt-1 /courses/ai-zero-code 301
redir /overview-zerocodechatbots-watson /courses/ai-zero-code 301
redir /overview-zerocodechatbots-watson-1 /courses/ai-zero-code 301
redir /overviewansible-for-dbas /courses/ansible-101 301
redir /overviewjenkins /courses/jenkins 301
redir /overviewpython-training-data-sciences /courses/py-datasci 301
redir /overviewsdwantraining /courses/sd-wan 301
redir /programming-training-1 /courses/programming 301
redir /pure-storage-terraform /courses/terraform 301
redir /rancher-training /courses/rancher 301
redir /s/Mastering-Ansible-873z.pdf /courses/ansible-101 301
redir /sle201v15-training /courses/sle201 301
redir /store-2/p/country-feast-set-3nybt-kkkbr /courses/country-feast 301
redir /store-5g /courses/5g 301
redir /store-ai-bard /courses/ai-zero-code 301
redir /store-ansible-training /courses/ansible-101 301
redir /store-ansible-training-dell /courses/ansible-101 301
redir /store-api-python-training /courses/api 301
redir /store-ceh /courses/ceh 301
redir /store-certified-kubernetes-training /courses/kubernetes 301
redir /store-certified-kubernetes-training-1 /courses/cka 301
redir /store-cks /courses/cks 301
redir /store-comptia-network /courses/comptia-network 301
redir /store-django /courses/django 301
redir /store-gitlab-training /courses/gitlab 301
redir /store-ipsec-training /courses/tcp-ip 301
redir /store-jenkins-training /courses/jenkins 301
redir /store-kubernetes-ckad /courses/kubernetes 301
redir /store-labs /courses/devops-bootcamp 301
redir /store-linux-training /courses/linux-4-dev 301
redir /store-mans /courses/mans 301
redir /store-microservices-training /courses/microservices 301
redir /store-network-automation-training /courses/network-automation 301
redir /store-network-automation-training-1 /courses/network-automation 301
redir /store-neuvector /courses 301
redir /store-nlp-ai /courses/natural-lang-apis 301
redir /store-nlp-ai-1 /courses/natural-lang-apis 301
redir /store-os-generative-ai /courses/ai-gpu 301
redir /store-prompt-engineering /courses/ai-gpu 301
redir /store-python-automation-training /courses/pyna 301
redir /store-python-basics-training /courses/pyb 301
redir /store-python-data-sciences-training /courses/py-datasci 301
redir /store-python-data-sciences-training-1 /courses/py-datasci 301
redir /store-rancher-training /courses/rancher 301
redir /store-rancher-training-1 /courses/rancher 301
redir /store-sdn-training /courses/sd-wan 301
redir /store-sip /courses/sip 301
redir /store-slesv201v15-training /courses/suse-sle201v15-linux-sept2021 301
redir /store-suse-k8s-training /courses/suse-k8s-april2024 301
redir /store-terraform /courses/terraform 301
redir /store-volte /courses/volte 301
redir /store/5g-essentials-online-live-class-august27-28 /courses/5g 301
redir /store/5g-essentials-online-live-class-nov2020 /courses/5g 301
redir /store/5g-essentials-self-paced-course /courses/5g 301
redir /store/ansible-essentials-self-paced /courses/ansible-101 301
redir /store/apis-and-api-design-with-python-june-1-5-jmz9w /courses/api 301
redir /store/apis-and-api-design-with-python-nov2020 /courses/api 301
redir /store/architecting-on-aws-online-live-class-oct2020 /courses/aws 301
redir /store/avaya-aura-self-paced-course /courses/avaya 301
redir /store/aws-technical-essentials-online-live-class-aug17 /courses/aws 301
redir /store/big-data-on-aws-online-live-class-dec8 /courses/aws 301
redir /store/big-data-on-aws-online-live-class-oct13 /courses/aws 301
redir /store/ipsec-self-paced-course /courses/tcp-ip 301
redir /store/kubernetes-bootcamp-online-live-class-august31 /courses/kubernetes 301
redir /store/kubernetes-bootcamp-online-live-class-dec2020 /courses/kubernetes 301
redir /store/kubernetes-bootcamp-online-live-class-oct2020 /courses/kubernetes 301
redir /store/kubernetes-bootcamp-self-paced /courses/kubernetes 301
redir /store/network-automation-with-python-and-ansible-online-live-class-oct2020 /courses/napya 301
redir /store/p/2z334d2ojyyeh9u04uhj2oa1wsfmg5 /courses 301
redir /store/p/5g-essentials-online-live-class-apr2022 /courses/5g 301
redir /store/p/5g-essentials-online-live-class-april2021 /courses/5g 301
redir /store/p/5g-essentials-online-live-class-aug2023 /courses/5g-deploy 301
redir /store/p/5g-essentials-online-live-class-august27-28 /courses/5g 301
redir /store/p/5g-essentials-online-live-class-dec2021 /courses/5g 301
redir /store/p/5g-essentials-online-live-class-feb2021 /courses/5g 301
redir /store/p/5g-essentials-online-live-class-feb2023 /courses/5g-deploy 301
redir /store/p/5g-essentials-online-live-class-jan2021 /courses/5g 301
redir /store/p/5g-essentials-online-live-class-jan2022 /courses/5g 301
redir /store/p/5g-essentials-online-live-class-june2021-k5rbs /courses/5g 301
redir /store/p/5g-essentials-online-live-class-may2023 /courses/5g-deploy 301
redir /store/p/5g-essentials-online-live-class-nov2020 /courses/5g 301
redir /store/p/5g-essentials-online-live-class-nov2023 /courses/5g-deploy 301
redir /store/p/5g-essentials-online-live-class-sept2021 /courses/5g 301
redir /store/p/5g-essentials-self-paced-course /courses/5g 301
redir /store/p/aXBzZWMtc2 /courses/tcp-ip 301
redir /store/p/agile-8-2021-w9dhj-a8sad /courses/devops-bootcamp 301
redir /store/p/agile10-2021-w9dhj /courses/devops-bootcamp 301
redir /store/p/ansible-essentials-online-aug2023 /courses/ansible-101 301
redir /store/p/ansible-essentials-online-feb2023 /courses/ansible-101 301
redir /store/p/ansible-essentials-online-feb2024 /courses/ansible-101 301
redir /store/p/ansible-essentials-online-feb2024-r3ptk /courses/ansible-101 301
redir /store/p/ansible-essentials-online-june2023-f8wt8 /courses/ansible-101 301
redir /store/p/ansible-essentials-online-may2022 /courses/ansible-101 301
redir /store/p/ansible-essentials-online-may2023 /courses/ansible-101 301
redir /store/p/ansible-essentials-online-may2024 /courses/ansible-101 301
redir /store/p/ansible-essentials-online-nov2022 /courses/ansible-101 301
redir /store/p/ansible-essentials-online-nov2023 /courses/ansible-101 301
redir /store/p/ansible-essentials-online-sept2023-ynbsl /courses/ansible-101 301
redir /store/p/ansible-essentials-self-paced /courses/ansible-101 301
redir /store/p/ansible-essentials-self-paced-ans2021 /courses/ansible-101 301
redir /store/p/ansible-essentials-self-paced-nov2020 /courses/ansible-101 301
redir /store/p/ansible-manual /courses/ansible-101 301
redir /store/p/ansible-palo-alto-aug2024 /courses/auto-paloalto-pa 301
redir /store/p/ansible-practice-labs /courses/ansible-101 301
redir /store/p/api-design-with-python-april2023 /courses/api 301
redir /store/p/api-design-with-python-aug2023 /courses/api 301
redir /store/p/api-design-with-python-dec2022 /courses/api 301
redir /store/p/api-design-with-python-dec2023 /courses/api 301
redir /store/p/api-design-with-python-feb-2021 /courses/api 301
redir /store/p/api-design-with-python-feb2023 /courses/api 301
redir /store/p/api-design-with-python-jan2022 /courses/api 301
redir /store/p/api-design-with-python-jan2024 /courses/api 301
redir /store/p/api-design-with-python-jan2024-59pay /courses/api 301
redir /store/p/api-design-with-python-july2024 /courses/api 301
redir /store/p/api-design-with-python-june2023 /courses/api 301
redir /store/p/api-design-with-python-march2024 /courses/api 301
redir /store/p/api-design-with-python-may2024 /courses/api 301
redir /store/p/api-design-with-python-nov2021 /courses/api 301
redir /store/p/api-design-with-python-nov2021-f5ebn /courses/api 301
redir /store/p/api-design-with-python-oct2023 /courses/api 301
redir /store/p/api-design-with-python-oct2023-t7Xr8 /courses/api 301
redir /store/p/api-design-with-python-sept2021 /courses/api 301
redir /store/p/api-design-with-python-sept2024 /courses/api 301
redir /store/p/api-practice-labs /courses/api 301
redir /store/p/apis-and-api-design-with-python-april2021 /courses/api 301
redir /store/p/apis-and-api-design-with-python-june-1-5-jmz9w /courses/api 301
redir /store/p/apis-and-api-design-with-python-june2021 /courses/api 301
redir /store/p/apis-and-api-design-with-python-nov2020 /courses/api 301
redir /store/p/appdev-august2024 /courses/ai-app-dev 301
redir /store/p/appdev-june2024 /courses/ai-app-dev 301
redir /store/p/appdev-oct2024 /courses/ai-app-dev 301
redir /store/p/avaya-aura-self-paced-course /courses/avaya 301
redir /store/p/c98wf6-april2024 /courses 301
redir /store/p/c98wf6-june2024 /courses 301
redir /store/p/c98wf6-may2024 /courses 301
redir /store/p/certified-ethical-hacker-may2021 /courses 301
redir /store/p/certified-ethical-hacker-v10 /courses 301
redir /store/p/certified-kubernetes-administrator-labs /courses/cka 301
redir /store/p/ci/cd/july-2024 /courses/jenkins 301
redir /store/p/ci/cd/oct2024 /courses/jenkins 301
redir /store/p/cissp-boot-camp-online-live-dec2021 /courses/devops-bootcamp 301
redir /store/p/cissp-boot-camp-online-live-nov2020-737ye /courses/devops-bootcamp 301
redir /store/p/cka-online-live-class-12-2022 /courses/cka 301
redir /store/p/cka-online-live-class-april2022 /courses/cka 301
redir /store/p/cka-online-live-class-april2023 /courses/cka 301
redir /store/p/cka-online-live-class-april2024 /courses/cka 301
redir /store/p/cka-online-live-class-aug2023 /courses/cka 301
redir /store/p/cka-online-live-class-aug2024 /courses/cka 301
redir /store/p/cka-online-live-class-dec2023 /courses/cka 301
redir /store/p/cka-online-live-class-feb-2023 /courses/cka 301
redir /store/p/cka-online-live-class-feb2021-bgrm8 /courses/cka 301
redir /store/p/cka-online-live-class-feb2024 /courses/cka 301
redir /store/p/cka-online-live-class-june2023 /courses/cka 301
redir /store/p/cka-online-live-class-june2024 /courses/cka 301
redir /store/p/cka-online-live-class-nov2021 /courses/cka 301
redir /store/p/cka-online-live-class-oct2023-6r888 /courses/cka 301
redir /store/p/cka-online-live-class-oct2024 /courses/cka 301
redir /store/p/cka-online-live-class-sep2021-w7p82 /courses/cka 301
redir /store/p/cka-practice-labs /courses/cka 301
redir /store/p/cka-self-paced-5fj6w /courses/cka 301
redir /store/p/cka-selfpaced /courses/cka 301
redir /store/p/cks /courses/cks 301
redir /store/p/cks-4-2023 /courses/cks 301
redir /store/p/cks-5-2023 /courses/cks 301
redir /store/p/cks-april2024 /courses/cks 301
redir /store/p/cks-aug2023 /courses/cks 301
redir /store/p/cks-aug2023-k2uEG /courses/cks 301
redir /store/p/cks-august2023 /courses/cks 301
redir /store/p/cks-december2023 /courses/cks 301
redir /store/p/cks-feb2024 /courses/cks 301
redir /store/p/cks-jully2024 /courses/cks 301
redir /store/p/cks-june /courses/cks 301
redir /store/p/cks-nov2023 /courses/cks 301
redir /store/p/cks-sept2024 /courses/cks 301
redir /store/p/comptia-advanced-security-practitioner-casp-dec-gpcyn /courses/devops-bootcamp 301
redir /store/p/comptia-advanced-security-practitioner-casp-dec-gpcyn-m25px /courses/devops-bootcamp 301
redir /store/p/comptia-advanced-security-practitioner-casp-dec-gpcyn/ /courses/devops-bootcamp 301
redir /store/p/comptia-casp-april2022 /courses/devops-bootcamp 301
redir /store/p/comptia-casp-sept21 /courses/devops-bootcamp 301
redir /store/p/comptia-network-online-live-nightclassaugust /courses/tcp-ip 301
redir /store/p/comptia-network-online-live-nightclassaugust-5lgcw /courses/tcp-ip 301
redir /store/p/comptia-network-online-live-sept-28-oct-2-800-am-to-400-pm-est /courses/tcp-ip 301
redir /store/p/comptia-security-boot-camp-apr2022 /courses/devops-bootcamp 301
redir /store/p/comptia-security-boot-camp-april-2021 /courses/devops-bootcamp 301
redir /store/p/comptia-security-boot-camp-aug2021 /courses/devops-bootcamp 301
redir /store/p/comptia-security-boot-camp-dec2021-g29rp /courses/devops-bootcamp 301
redir /store/p/comptia-security-boot-camp-june2021 /courses/comptia-security 301
redir /store/p/comptia-security-boot-camp-march-2021 /courses/devops-bootcamp 301
redir /store/p/comptia-security-boot-camp-march-may-2021 /courses/devops-bootcamp 301
redir /store/p/comptia-security-boot-camp-nov2020 /courses/devops-bootcamp 301
redir /store/p/comptia-security-boot-camp-nov2021 /courses/devops-bootcamp 301
redir /store/p/crush-the-ckad /courses/kubernetes 301
redir /store/p/dcucai-april2024 /courses/ai-gpu 301
redir /store/p/dcucai-may2024 /courses/ai-gpu 301
redir /store/p/deploying5g-online-live-class-12-21 /courses/5g-deploy 301
redir /store/p/deploying5g-online-live-class-april2022 /courses/5g-deploy 301
redir /store/p/deploying5g-online-live-class-jan2022 /courses/5g-deploy 301
redir /store/p/devops-8-2021-w9dhj /courses/devops-bootcamp 301
redir /store/p/devops-9-28-21 /courses/devops-bootcamp 301
redir /store/p/devops-foundations-10-212021-jd5t2-cjlzd /courses/devops-bootcamp 301
redir /store/p/devops-foundations-9-212021-jd5t2 /courses/devops-bootcamp 301
redir /store/p/devops-foundations-9-7-2021 /courses/devops-bootcamp 301
redir /store/p/django /courses/django 301
redir /store/p/django-8-2023 /courses/django 301
redir /store/p/django-aug2023 /courses/django 301
redir /store/p/django-nov2023 /courses/django 301
redir /store/p/django-sept2023 /courses/django 301
redir /store/p/django-training-may2024 /courses/django 301
redir /store/p/gitlab-training-jan2022 /courses/gitlab 301
redir /store/p/gitlab-training-march2022 /courses/gitlab 301
redir /store/p/gitlab-training-oct2021 /courses/gitlab 301
redir /store/p/gitlab-training-oct2021-9hkpn-Bhi6h /courses/gitlab 301
redir /store/p/go-practice-labs-3678w /courses/golang 301
redir /store/p/golang-aug2024 /courses/golang 301
redir /store/p/golang-august2023 /courses/golang 301
redir /store/p/golang-june-2023 /courses/golang 301
redir /store/p/golang-june2024 /courses/golang 301
redir /store/p/golang-june23 /courses/golang 301
redir /store/p/golang-march2023 /courses/golang 301
redir /store/p/golang-march2024 /courses/golang 301
redir /store/p/golang-may2023 /courses/golang 301
redir /store/p/golang-nov2021 /courses/golang 301
redir /store/p/golang-nov2023 /courses/golang 301
redir /store/p/golang-oct2023 /courses/golang 301
redir /store/p/golang-oct2023-qNrJL /courses/golang 301
redir /store/p/golang-training-aug2022 /courses/golang 301
redir /store/p/intucxs-april2024 /courses/api 301
redir /store/p/intucxs-june2024 /courses/api 301
redir /store/p/intucxs-march2024 /courses/api 301
redir /store/p/ipsec-self-paced-course /courses/tcp-ip 301
redir /store/p/jenkins-aug2021 /courses/jenkins 301
redir /store/p/jenkins-dec2023 /courses/jenkins 301
redir /store/p/jenkins-feb2022 /courses/jenkins 301
redir /store/p/jenkins-jan-2021 /courses/jenkins 301
redir /store/p/jenkins-jan2022 /courses/jenkins 301
redir /store/p/jenkins-june2024 /courses/jenkins 301
redir /store/p/jenkins-june23 /courses/jenkins 301
redir /store/p/jenkins-march2020 /courses/jenkins 301
redir /store/p/jenkins-march2024 /courses/jenkins 301
redir /store/p/jenkins-oct2021 /courses/jenkins 301
redir /store/p/jenkins-practice-labs /courses/jenkins 301
redir /store/p/jenkins-sept2023 /courses/jenkins 301
redir /store/p/jenkins-sept2024 /courses/jenkins 301
redir /store/p/jenkins-training-dec2023 /courses/jenkins 301
redir /store/p/jenkins-training-june2023 /courses/jenkins 301
redir /store/p/jenkins-training-mar2023 /courses/jenkins 301
redir /store/p/jenkins-training-sept2023 /courses/jenkins 301
redir /store/p/jenkinsmay2021 /courses/jenkins 301
redir /store/p/jenkinsnov2020 /courses/jenkins 301
redir /store/p/k8s-ckad-practice-labs /courses/kubernetes 301
redir /store/p/kubernetes-bootcamp-online-live-class-aug2021 /courses/kubernetes 301
redir /store/p/kubernetes-bootcamp-online-live-class-august31 /courses/kubernetes 301
redir /store/p/kubernetes-bootcamp-online-live-class-dec2020 /courses/kubernetes 301
redir /store/p/kubernetes-bootcamp-online-live-class-jan2021 /courses/kubernetes 301
redir /store/p/kubernetes-bootcamp-online-live-class-nov2021 /courses/kubernetes 301
redir /store/p/kubernetes-bootcamp-online-live-class-oct2020 /courses/kubernetes 301
redir /store/p/kubernetes-bootcamp-online-live-class-spet2023 /courses/kubernetes 301
redir /store/p/kubernetes-bootcamp-self-paced /courses/kubernetes 301
redir /store/p/kubernetes-ckad-online-class-dec2023 /courses/kubernetes 301
redir /store/p/kubernetes-ckad-online-class-sept2023 /courses/kubernetes 301
redir /store/p/kubernetes-ckad-online-live-class-dec2023 /courses/kubernetes 301
redir /store/p/kubernetes-ckad-online-live-class-sept2023 /courses/kubernetes 301
redir /store/p/kubernetes-ckad-online-live-class-sept2023-TSsSF /courses/kubernetes 301
redir /store/p/kubernetes-online-live-class-april2023 /courses/kubernetes 301
redir /store/p/kubernetes-online-live-class-april2024 /courses/kubernetes 301
redir /store/p/kubernetes-online-live-class-aug2024 /courses/kubernetes 301
redir /store/p/kubernetes-online-live-class-dec2022 /courses/kubernetes 301
redir /store/p/kubernetes-online-live-class-jan-2023 /courses/kubernetes 301
redir /store/p/kubernetes-online-live-class-jan2024 /courses/kubernetes 301
redir /store/p/kubernetes-online-live-class-july-2024 /courses/kubernetes 301
redir /store/p/kubernetes-online-live-class-july2023 /courses/kubernetes 301
redir /store/p/kubernetes-online-live-class-july2023-dg8bl /courses/kubernetes 301
redir /store/p/kubernetes-online-live-class-june2024 /courses/kubernetes 301
redir /store/p/kubernetes-online-live-class-nov2022 /courses/kubernetes 301
redir /store/p/kubernetes-online-live-class-oct-2021 /courses/kubernetes 301
redir /store/p/kubernetes-online-live-class-oct2023 /courses/kubernetes 301
redir /store/p/kubernetesonlineliveclassapril2022 /courses/kubernetes 301
redir /store/p/microservices-online-live-class-1-27-2021 /courses/microservices 301
redir /store/p/microservices-online-live-class-aug2021 /courses/microservices 301
redir /store/p/microservices-online-live-class-jan2022 /courses/microservices 301
redir /store/p/microservices-online-live-class-june2021 /courses/microservices 301
redir /store/p/microservices-online-live-class-mar2023 /courses/microservices 301
redir /store/p/microservices-online-live-class-march2021 /courses/microservices 301
redir /store/p/microservices-online-live-class-march2022 /courses/microservices 301
redir /store/p/microservices-online-live-class-oct2021 /courses/microservices 301
redir /store/p/microservices-online-live-dec2023 /courses/microservices 301
redir /store/p/microservices-online-live-june2023 /courses/microservices 301
redir /store/p/microservices-online-live-sept2023 /courses/microservices 301
redir /store/p/microservices-practice-labs /courses/microservices 301
redir /store/p/napya-aug /courses/napya 301
redir /store/p/napya-dec2023 /courses/napya 301
redir /store/p/napya-jan2024 /courses/napya 301
redir /store/p/napya-july2024 /courses/napya 301
redir /store/p/napya-june2023 /courses/napya 301
redir /store/p/napya-may2024 /courses/napya 301
redir /store/p/napya-may2024-zlah6 /courses/napya 301
redir /store/p/napya-oct2023 /courses/napya 301
redir /store/p/napya-onlinelive /courses/napya 301
redir /store/p/network-automation-online-live-class-aug2022 /courses/network-automation 301
redir /store/p/network-automation-online-live-class-nov2022 /courses/network-automation 301
redir /store/p/network-automation-python-ansible-practice-labs /courses/pyna 301
redir /store/p/network-automation-with-python-and-ansible-online-live-class-april2021 /courses/pyna 301
redir /store/p/network-automation-with-python-and-ansible-online-live-class-aug2021 /courses/pyna 301
redir /store/p/network-automation-with-python-and-ansible-online-live-class-dec2021 /courses/pyna 301
redir /store/p/network-automation-with-python-and-ansible-online-live-class-feb2021 /courses/pyna 301
redir /store/p/network-automation-with-python-and-ansible-online-live-class-june-2021 /courses/pyna 301
redir /store/p/network-automation-with-python-and-ansible-online-live-class-oct2020 /courses/pyna 301
redir /store/p/network-automation-with-python-and-ansible-online-live-class-oct2021 /courses/pyna 301
redir /store/p/neuvector-training-623 /courses/suse-neuvector 301
redir /store/p/nlp-ai /courses/natural-lang-apis 301
redir /store/p/nlp-ai-10-5-23 /courses/natural-lang-apis 301
redir /store/p/os-generative-ai-11-6-23 /courses/ai-app-dev 301
redir /store/p/os-generative-ai-9-19-23 /courses/ai-app-dev 301
redir /store/p/os-generative-ai-9-23 /courses/ai-app-dev 301
redir /store/p/os-generative-ai-aug2024 /courses/ai-gpu 301
redir /store/p/os-generative-ai-feb2024 /courses/ai-app-dev 301
redir /store/p/os-generative-ai-july2024 /courses/ai-gpu 301
redir /store/p/os-generative-ai-may2024 /courses/ai-gpu 301
redir /store/p/packer-training /courses/packer 301
redir /store/p/pe-ai-10-12-23 /courses/ai-gpu 301
redir /store/p/pe-ai-11-20-23 /courses/ai-gpu 301
redir /store/p/pe-ai-8-24-23 /courses/ai-gpu 301
redir /store/p/pe-ai-april24 /courses/ai-gpu 301
redir /store/p/pe-ai-aug2024 /courses/ai-gpu 301
redir /store/p/pe-ai-jan2024 /courses/ai-gpu 301
redir /store/p/pe-ai-nov-23 /courses/ai-gpu 301
redir /store/p/pe-ai-oct2024 /courses/ai-gpu 301
redir /store/p/pe-june-2024 /courses/ai-gpu 301
redir /store/p/pyai-april2024 /courses/ai-gpu 301
redir /store/p/pyai-aug2024 /courses/ai-gpu 301
redir /store/p/pyai-jan2024 /courses/ai-gpu 301
redir /store/p/pyai-july2024 /courses/ai-gpu 301
redir /store/p/python-basics-online-live-class-april2022 /courses/pyb 301
redir /store/p/python-basics-online-live-class-april2023 /courses/pyb 301
redir /store/p/python-basics-online-live-class-aug2021-jjl47 /courses/pyb 301
redir /store/p/python-basics-online-live-class-dec2021 /courses/pyb 301
redir /store/p/python-basics-online-live-class-jan-2023 /courses/pyb 301
redir /store/p/python-basics-online-live-class-jan2021 /courses/pyb 301
redir /store/p/python-basics-online-live-class-jul2021 /courses/pyb 301
redir /store/p/python-basics-online-live-class-march2021 /courses/pyb 301
redir /store/p/python-basics-online-live-class-may2021 /courses/pyb 301
redir /store/p/python-basics-online-live-class-nov2020 /courses/pyb 301
redir /store/p/python-basics-online-live-class-nov2021-swamm /courses/pyb 301
redir /store/p/python-basics-online-live-class-oct2021 /courses/pyb 301
redir /store/p/python-basics-online-live-dec2023-yp2xk /courses/pyb 301
redir /store/p/python-basics-online-live-july2023 /courses/pyb 301
redir /store/p/python-basics-online-live-july2023-tpzh2 /courses/pyb 301
redir /store/p/python-basics-online-live-july2024 /courses/pyb 301
redir /store/p/python-basics-online-live-june2024 /courses/pyb 301
redir /store/p/python-basics-online-live-march2024 /courses/pyb 301
redir /store/p/python-basics-online-live-nov2024 /courses/pyb 301
redir /store/p/python-basics-online-live-oct2023 /courses/pyb 301
redir /store/p/python-basics-online-live-sept2024 /courses/pyb 301
redir /store/p/python-basics-self-paced /courses/pyb 301
redir /store/p/python-network-automation-self-paced /courses/pyna 301
redir /store/p/python-networking-aug2023 /courses/pyna 301
redir /store/p/python-networking-dec2023-8j2rs /courses/pyna 301
redir /store/p/python-networking-june2023-ccftf /courses/pyna 301
redir /store/p/python-networking-march2023 /courses/pyna 301
redir /store/p/python-networking-oct-2023 /courses/pyna 301
redir /store/p/python-practice-labs /courses/pyna 301
redir /store/p/python-practice-labs-9t8mr /courses/pyna 301
redir /store/p/python203-ds /courses/py-datasci 301
redir /store/p/python203-ds-7-2023 /courses/py-datasci 301
redir /store/p/python203-ds-oct2023 /courses/py-datasci 301
redir /store/p/pythonds-july2023 /courses/py-datasci 301
redir /store/p/pythonds-oct2023 /courses/py-datasci 301
redir /store/p/pythonnetworautomation-aug2021 /courses/pyna 301
redir /store/p/pythonnetworautomation-aug2022 /courses/pyna 301
redir /store/p/pythonnetworautomation-aug2024 /courses/pyna 301
redir /store/p/pythonnetworautomation-july2023 /courses/pyna 301
redir /store/p/pythonnetworautomation-june2024 /courses/pyna 301
redir /store/p/pythonnetworautomation-mar2023 /courses/pyna 301
redir /store/p/pythonnetworautomation-march2023 /courses/pyna 301
redir /store/p/pythonnetworautomation-march2024 /courses/pyna 301
redir /store/p/pythonnetworautomation-may2022 /courses/pyna 301
redir /store/p/pythonnetworautomation-may2022-b2r29 /courses/pyna 301
redir /store/p/pythonnetworautomation-may2023 /courses/pyna 301
redir /store/p/pythonnetworautomation-nov2023 /courses/pyna 301
redir /store/p/pythonnetworautomation-sept2022 /courses/pyna 301
redir /store/p/red-hat-system-administrator-online-live-jan2021 /courses/linux-4-dev 301
redir /store/p/red-hat-system-administrator-online-live-july2021 /courses/linux-4-dev 301
redir /store/p/red-hat-system-administrator-self-paced /courses/linux-4-dev 301
redir /store/p/rhcsa-oct2021 /courses/linux-4-dev 301
redir /store/p/rhel-practice-labs /courses/linux-4-dev 301
redir /store/p/sd-wan-online-live-class-oct-2021 /courses/sd-wan 301
redir /store/p/sdn-practice-labs /courses/sd-wan 301
redir /store/p/sdnnfv-online-live-class-oct2020 /courses/sd-wan 301
redir /store/p/sdnnfv-self-paced /courses/sd-wan 301
redir /store/p/sdwots-april /courses/sd-wan 301
redir /store/p/sdwots-june2024 /courses/sd-wan 301
redir /store/p/self-paced-terraform-iac-course /courses/terraform 301
redir /store/p/sip-essentials-online-live-class-april2021 /courses/sip 301
redir /store/p/sip-essentials-online-live-class-dec2020 /courses/sip 301
redir /store/p/sip-essentials-online-live-july2021 /courses/sip 301
redir /store/p/sip-essentials-online-live-oct2021 /courses/sip 301
redir /store/p/sip-online-live-apr2024 /courses/sip 301
redir /store/p/sip-online-live-dec-2021 /courses/sip 301
redir /store/p/sip-online-live-dec2024 /courses/sip 301
redir /store/p/sip-online-live-feb-2023 /courses/sip 301
redir /store/p/sip-online-live-feb2024 /courses/sip 301
redir /store/p/sip-online-live-july2023 /courses/sip 301
redir /store/p/sip-online-live-june2024 /courses/sip 301
redir /store/p/sip-online-live-may2023 /courses/sip 301
redir /store/p/sip-online-live-oct2023 /courses/sip 301
redir /store/p/sip-online-live-sept2024 /courses/sip 301
redir /store/p/sip-self-paced /courses/sip 301
redir /store/p/sp-ansible-201 /courses/ansible-201 301
redir /store/p/suse-k8s-april2024 /courses/sk8s 301
redir /store/p/suse-k8s-aug2021 /courses/sk8s 301
redir /store/p/suse-k8s-aug2023 /courses/sk8s 301
redir /store/p/suse-k8s-dec2021 /courses/sk8s 301
redir /store/p/suse-k8s-dec2021/ /courses/sk8s 301
redir /store/p/suse-k8s-dec2022 /courses/sk8s 301
redir /store/p/suse-k8s-jan2022 /courses/sk8s 301
redir /store/p/suse-k8s-jan2024 /courses/sk8s 301
redir /store/p/suse-k8s-july2024 /courses/sk8s 301
redir /store/p/suse-k8s-mar2023 /courses/sk8s 301
redir /store/p/suse-k8s-may2022 /courses/sk8s 301
redir /store/p/suse-k8s-may2023 /courses/sk8s 301
redir /store/p/suse-k8s-nov2023 /courses/sk8s 301
redir /store/p/suse-k8s-oct2021 /courses/sk8s 301
redir /store/p/suse-k8s-oct2022 /courses/sk8s 301
redir /store/p/suse-k8s-october2024 /courses/suse-k8s-october2024 301
redir /store/p/suse-k8s-sept2022 /courses/sk8s 301
redir /store/p/suse-rancher-apr2024 /courses/rancher 301
redir /store/p/suse-rancher-aug2021 /courses/rancher 301
redir /store/p/suse-rancher-aug2022 /courses/rancher 301
redir /store/p/suse-rancher-aug2023 /courses/rancher 301
redir /store/p/suse-rancher-dec2021 /courses/rancher 301
redir /store/p/suse-rancher-jan2024 /courses/rancher 301
redir /store/p/suse-rancher-july2024 /courses/rancher 301
redir /store/p/suse-rancher-mar2023 /courses/rancher 301
redir /store/p/suse-rancher-may2022 /courses/rancher 301
redir /store/p/suse-rancher-may2023 /courses/rancher 301
redir /store/p/suse-rancher-may2023-dpk8d /courses/rancher 301
redir /store/p/suse-rancher-nov2023 /courses/rancher 301
redir /store/p/suse-rancher-oct2021 /courses/rancher 301
redir /store/p/suse-rancher-october2024 /courses/rancher 301
redir /store/p/suse-sle201v15-linux-sept2021 /courses 301
redir /store/p/suse-sles-linux-apr2022 /courses 301
redir /store/p/suse-sles-linux-june2022 /courses 301
redir /store/p/suse-sles-linux-nov2021 /courses 301
redir /store/p/terraform/april2024 /schedule?search=terraform 301
redir /store/p/terraform/aug-2023 /courses/terraform 301
redir /store/p/terraform/aug2024 /schedule?search=terraform 301
redir /store/p/terraform/jan2023 /courses/terraform 301
redir /store/p/terraform/jan2024 /courses/terraform 301
redir /store/p/terraform/june2023 /courses/terraform 301
redir /store/p/terraform/june2024 /schedule?search=terraform 301
redir /store/p/terraform/mar2024 /courses/terraform 301
redir /store/p/terraform/march2023 /courses/terraform 301
redir /store/p/terraform/may-2023 /courses/terraform 301
redir /store/p/terraform/may2024 /schedule?search=terraform 301
redir /store/p/terraform/nov2023 /courses/terraform 301
redir /store/p/terraform/oct-2023 /courses/terraform 301
redir /store/p/terraform/oct2024 /schedule?search=terraform 301
redir /store/p/terraform/sept2023 /courses/terraform 301
redir /store/p/terraform102/august2024 /schedule?search=terraform 301
redir /store/p/terraform102/june2024 /schedule?search=terraform 301
redir /store/p/tf-selfpaced /courses/terraform 301
redir /store/p/volte-and-the-ims-online-training-livesept-584p6mar2022 /courses/volte 301
redir /store/p/volte-and-the-ims-onlinelivesept /courses/volte 301
redir /store/p/volte-and-the-ims-self-paced-course /courses/volte 301
redir /store/p/volte-online-training-june2021 /courses/volte 301
redir /store/p/zerocode-10-2024 /courses/ai-zero-code 301
redir /store/p/zerocode-4-2024 /courses/ai-zero-code 301
redir /store/p/zerocode-6-2024 /courses/ai-zero-code 301
redir /store/p/zerocode-8-2024 /courses/ai-zero-code 301
redir /store/p/zerocode-ai-googlebard /courses/ai-app-dev 301
redir /store/python-basics-online-live-class-nov2020 /courses/pyb 301
redir /store/python-basics-self-paced /courses/pyb 301
redir /store/red-hat-system-administrator-self-paced /courses/linux-4-dev 301
redir /store/sdnnfv-self-paced /courses/sdn 301
redir /store/sip-essentials-online-live-class-dec2020 /courses/sip 301
redir /store/sip-self-paced /courses/sip 301
redir /store/volte-and-the-ims-onlinelivesept /courses/volte 301
redir /store/volte-and-the-ims-self-paced-course /courses/volte 301
redir /storecirclecitraining /courses/ci-cd 301
redir /storecissp /courses/cissp 301
redir /storedeploying5g /courses/5g-deploy 301
redir /storegolangtraining /courses/golang 301
redir /suse-linux-rancher-k8s /courses/rancher 301
redir /training/sip-interoperability-training/ /courses/sip 301
redir /training/sip-training/ /courses/sip 301
redir /training/virtual-sip-training /courses/sip 301
redir /training/virtual-sip-training/ /courses/sip 301
redir /courses/openstack /courses?category=Infrastructure 301
redir /labs/openstack /courses?category=Infrastructure 301
redir /labs/openstack/ /courses?category=Infrastructure 301
redir /labs/openstack/10/ /courses?category=Infrastructure 301
redir /labs/openstack/39 /courses?category=Infrastructure 301
redir /overview-openstack-training /courses?category=Infrastructure 301
redir /overview-os /courses?category=Infrastructure 301
redir /store-openstack-training /courses?category=Infrastructure 301
redir /ai-training /courses?category=AI 301
redir /ansible-training /courses?category=Ansible 301
redir /cisco-training /courses?category=Networking 301
redir /cloud-training /courses?category=Infrastructure 301
redir /devops /courses?category=DevOps 301
redir /docker-training /courses?category=DevOps 301
redir /kubernetes /courses?category=Kubernetes 301
redir /programming-training /courses?category=Programming 301
redir /telecom-courses /courses?category=Telecom 301
redir /posters/ansible.pdf https://static.alta3.com/posters/ansible.pdf 301
redir /posters/git.pdf https://static.alta3.com/posters/git.pdf 301
redir /posters/k8s.pdf https://static.alta3.com/posters/k8s.pdf 301
redir /posters/python3.pdf https://static.alta3.com/posters/python3.pdf 301
redir /posters/regex.pdf https://static.alta3.com/posters/regex.pdf 301
redir /posters/sip.pdf https://static.alta3.com/posters/sip.pdf 301
redir /posters/terraform.pdf https://static.alta3.com/posters/terraform.pdf 301
redir /posters/tmux https://static.alta3.com/posters/tmux.pdf 301
redir /posters/tmux.pdf https://static.alta3.com/posters/tmux.pdf 301
redir /posters/vim.pdf https://static.alta3.com/posters/vim.pdf 301
redir /posters/yaml https://static.alta3.com/posters/yaml.pdf 301
redir /posters/yaml.pdf https://static.alta3.com/posters/yaml.pdf 301
redir /static/posters/ https://blog.alta3.com/posters 301
redir /static/posters/ansible.pdf https://static.alta3.com/posters/ansible.pdf 301
redir /static/posters/git.pdf https://static.alta3.com/posters/git.pdf 301
redir /static/posters/k8s.pdf https://static.alta3.com/posters/k8s.pdf 301
redir /static/posters/python3.pdf https://static.alta3.com/posters/python3.pdf 301
redir /static/posters/regex.pdf https://static.alta3.com/posters/regex.pdf 301
redir /static/posters/sip.pdf https://static.alta3.com/posters/sip.pdf 301
redir /static/posters/terraform.pdf https://static.alta3.com/posters/terraform.pdf 301
redir /static/posters/tmux.pdf https://static.alta3.com/posters/tmux.pdf 301
redir /static/posters/vim.pdf https://static.alta3.com/posters/vim.pdf 301
redir /static/posters/yaml.pdf https://static.alta3.com/posters/yaml.pdf 301
redir /poster https://blog.alta3.com/posters 301
redir /poster/ https://blog.alta3.com/posters 301
redir /poster/* https://blog.alta3.com/posters 301
redir /posters/ https://blog.alta3.com/posters 301
redir /posters/* https://blog.alta3.com/posters 301
redir /blog https://blog.alta3.com/ 301
redir /blog/ https://blog.alta3.com/ 301
redir /blog/* https://blog.alta3.com/ 301
redir /blogs https://blog.alta3.com/ 301
redir /blogs/ https://blog.alta3.com/ 301
redir /blogs/* https://blog.alta3.com/ 301
redir /cloud-devops-tutorials https://blog.alta3.com/ 301
redir /downloads https://blog.alta3.com/posters 301
redir /downloads/ https://blog.alta3.com/posters 301
redir /labs https://live.alta3.com 301
redir /lms https://live.alta3.com 301
redir /login https://sso.alta3.com 301
redir /posters https://blog.alta3.com/posters 301
redir /DEMO /contact-us 301
redir /alta3-practice-lab-environments /contact-us 301
redir /author/hfryer/ /contact-us 301
redir /contact /contact-us 301
redir /contact/ /contact-us 301
redir /demo /contact-us 301
redir /free-course-trials /contact-us 301
redir /free-course-trials-thank-you /contact-us 301
redir /sales /contact-us 301
redir /visit /contact-us 301
redir /about-us /about 301
redir /aboutj /about 301
redir /api/what-is-live /about 301
redir /cart / 301
redir /certificates / 301
redir /dashboard / 301
redir /extra / 301
redir /home / 301
redir /home-1 / 301
redir /home-1-2 / 301
redir /home-2 / 301
redir /home-copy / 301
redir /home-old / 301
redir /research /about 301
redir /testimonials / 301
redir /users / 301
redir /wiki / 301
redir /alta3-research-course-portfolio /courses 301
redir /alta3-research-course-portfolio-1 /courses 301
redir /alta3-research-course-training /courses 301
redir /cloud /coureses 301
redir /cloud-training- /coureses 301
redir /cloud-training-2 /courses 301
redir /courses-accordian /courses 301
redir /on-demand-courses-1 /courses 301
redir /portfolio-1 /courses 301
redir /portfolio-1/project-one-f5w4d-wcrse /courses 301
redir /portfolio-2 /courses 301
redir /search /courses 301
redir /store /courses 301
redir /store-2 /courses 301
redir /store/labs /courses 301
redir /training /courses 301
redir /training-1 /courses 301
redir /training-courses /courses 301
redir /training-courses-1 /courses 301
redir /training-courses-2 /courses 301
redir /training-courses-2021 /courses 301
redir /training-courses-old /courses 301
redir /instructor-application /careers 301
redir /instructor-application-1 /careers 301
redir /sales-application /careers 301
redir /sales-applicatiom /careers 301
redir /events-1 /schedule 301
redir /events-list /schedule 301
redir /events-online-training /schedule 301
redir /july-sles-webinar /schedule 301
redir /kubernetes-5g-webinar /schedule 301
redir /kubernetes-in-the-5g-network-webinar /schedule 301
redir /march-suse-rancher-webinar /schedule 301
redir /may-ansible-awx-webinar /schedule 301
redir /classroom-live /offering-types 302
redir /events-list?category=Webinar /schedule 301
redir /on-demand-courses /offering-types 302
redir /store/manual /offering-types 302
redir /store/online-live /offering-types 302
redir /store/p/subscription-mnthly /offering-types 302
redir /store/p/subscription-yearly /offering-types 302
redir /store/self-paced /offering-types 302
redir /store/virtual /offering-types 302
redir /store/webinar /offering-types 302
redir /subscription-services /offering-types 302
redir /aws-training /courses 302
redir /overview-aws-tech /courses 302
redir /overview-awsarchitect /courses 302
redir /overview-awsdevops /courses 302
redir /overview-awssyops /courses 302
redir /overviewawsdeveloping /courses 302
redir /store-awsarchitect /courses 302
redir /store-awsdeveloping /courses 302
redir /store-awsdevops /courses 302
redir /store-awssysops /courses 302
redir /store-awstech /courses 302
redir /store/p/architecting-on-aws-online-live-423 /courses 302
redir /store/p/architecting-on-aws-online-live-aug-2021 /courses 302
redir /store/p/architecting-on-aws-online-live-aug31 /courses 302
redir /store/p/architecting-on-aws-online-live-aug32021 /courses 302
redir /store/p/architecting-on-aws-online-live-class-4-26-22 /courses 302
redir /store/p/architecting-on-aws-online-live-class-4-5-22 /courses 302
redir /store/p/architecting-on-aws-online-live-class-42023 /courses 302
redir /store/p/architecting-on-aws-online-live-class-5-17-22 /courses 302
redir /store/p/architecting-on-aws-online-live-class-6-28-22 /courses 302
redir /store/p/architecting-on-aws-online-live-class-apr2021 /courses 302
redir /store/p/architecting-on-aws-online-live-class-aug18 /courses 302
redir /store/p/architecting-on-aws-online-live-class-aug2022 /courses 302
redir /store/p/architecting-on-aws-online-live-class-jan10 /courses 302
redir /store/p/architecting-on-aws-online-live-class-jan10-ny84t /courses 302
redir /store/p/architecting-on-aws-online-live-class-jan2021 /courses 302
redir /store/p/architecting-on-aws-online-live-class-oct2020 /courses 302
redir /store/p/architecting-on-aws-online-live-class-sept28 /courses 302
redir /store/p/architecting-on-aws-online-live-july20 /courses 302
redir /store/p/architecting-on-aws-online-live-nov-21 /courses 302
redir /store/p/architecting-on-aws-online-live-oct-2021 /courses 302
redir /store/p/architecting-on-aws-online-live-sept2021 /courses 302
redir /store/p/aws-techessentials-april2023 /courses 302
redir /store/p/aws-techessentials-feb20 /courses 302
redir /store/p/aws-techessentials-jan30 /courses 302
redir /store/p/aws-techessentials-jan9 /courses 302
redir /store/p/aws-technical-essentials-05-16-22 /courses 302
redir /store/p/aws-technical-essentials-6-27 /courses 302
redir /store/p/aws-technical-essentials-online-live-class-8-22 /courses 302
redir /store/p/aws-technical-essentials-online-live-class-apr2021 /courses 302
redir /store/p/aws-technical-essentials-online-live-class-aug17 /courses 302
redir /store/p/aws-technical-essentials-online-live-class-jan2021 /courses 302
redir /store/p/aws-technical-essentials-online-live-class-july2021 /courses 302
redir /store/p/aws-technical-essentials-online-live-class-june2021 /courses 302
redir /store/p/aws-technical-essentials-online-live-class-may2021 /courses 302
redir /store/p/aws-technical-essentials-online-live-class-nov2022 /courses 302
redir /store/p/aws-technical-essentials-online-live-class-oct19 /courses 302
redir /store/p/aws-technical-essentials-online-live-class-oct2023 /courses 302
redir /store/p/aws-technical-essentials-sept-2021 /courses 302
redir /store/p/aws-technical-essentialsoct2021 /courses 302
redir /store/p/aws-technical-essentialsoct2021-ny3rx /courses 302
redir /store/p/big-data-on-aws-online-live-class-apr2021 /courses 302
redir /store/p/big-data-on-aws-online-live-class-dec8 /courses 302
redir /store/p/big-data-on-aws-online-live-class-oct13 /courses 302
redir /store/p/developing-on-aws-online-live-class-4-26-22 /courses 302
redir /store/p/developing-on-aws-online-live-class-apr2021 /courses 302
redir /store/p/developing-on-aws-online-live-class-aug-2021 /courses 302
redir /store/p/developing-on-aws-online-live-class-aug10 /courses 302
redir /store/p/developing-on-aws-online-live-class-aug2022 /courses 302
redir /store/p/developing-on-aws-online-live-class-feb28 /courses 302
redir /store/p/developing-on-aws-online-live-class-jan31 /courses 302
redir /store/p/developing-on-aws-online-live-class-july-2021 /courses 302
redir /store/p/developing-on-aws-online-live-class-june2021 /courses 302
redir /store/p/developing-on-aws-online-live-class-june22 /courses 302
redir /store/p/developing-on-aws-online-live-class-may2021 /courses 302
redir /store/p/developing-on-aws-online-live-class-oct-2021 /courses 302
redir /store/p/system-operations-on-aws-online-live-class-0ct2022 /courses 302
redir /store/p/system-operations-on-aws-online-live-class-apr2021 /courses 302
redir /store/p/system-operations-on-aws-online-live-class-aug-2021 /courses 302
redir /store/p/system-operations-on-aws-online-live-class-feb7 /courses 302
redir /store/p/system-operations-on-aws-online-live-class-jan2021 /courses 302
redir /store/p/system-operations-on-aws-online-live-class-july2022 /courses 302
redir /store/p/system-operations-on-aws-online-live-class-june2021 /courses 302
redir /store/p/system-operations-on-aws-online-live-class-mar2021 /courses 302
redir /store/p/system-operations-on-aws-online-live-class-may2021 /courses 302
redir /store/p/system-operations-on-aws-online-live-class-may2022 /courses 302
redir /store/p/system-operations-on-aws-online-live-class-nov2020 /courses 302
redir /store/p/system-operations-on-aws-online-live-class-nov2022 /courses 302
redir /store/p/system-operations-on-aws-online-live-class-oct-2021 /courses 302
redir /store/p/system-operations-on-aws-online-live-class-sept2021 /courses 302
